country,nace_r2,nace_r2_activity,waste,waste_description,2004,2006,2008,2010,2012,2014,2016,2018,2020,2022,mean_wasgen,std_wasgen
Poland,C24_C25,"Manufacture of basic metals and fabricated metal products, except machinery and equipment",W12-13,Mineral and solidified wastes (subtotal),79296000.0,75379000.0,71892000.0,0.0,0.0,0.0,0.0,0.0,0.0,0.0,75522000.0,3719000.0
Poland,C24_C25,"Manufacture of basic metals and fabricated metal products, except machinery and equipment",W12_X_127NH,"Mineral waste (except non-hazardous dredging spoils, valid up to 2008)",79296000.0,75378000.0,71892000.0,0.0,0.0,0.0,0.0,0.0,0.0,0.0,75522000.0,3719000.0
Poland,C24_C25,"Manufacture of basic metals and fabricated metal products, except machinery and equipment",W12A,"Mineral wastes (except combustion wastes, contaminated soils and polluted dredging spoils) (W121+122+W123+W125+W126, valid up to 2008)",67811000.0,64464000.0,60657000.0,0.0,0.0,0.0,0.0,0.0,0.0,0.0,64311000.0,3581000.0
Poland,C24_C25,"Manufacture of basic metals and fabricated metal products, except machinery and equipment",TOTAL,Total waste,83256000.0,80271000.0,74979000.0,18048000.0,21588000.0,21819000.0,20576000.0,23678000.0,19011000.0,18656000.0,38188000.0,28726000.0
Italy,C24_C25,"Manufacture of basic metals and fabricated metal products, except machinery and equipment",TOTAL,Total waste,24095000.0,23878000.0,29800000.0,20361000.0,21232000.0,20367000.0,21589000.0,21596000.0,21582000.0,22003000.0,22650000.0,3013000.0
Germany,C24_C25,"Manufacture of basic metals and fabricated metal products, except machinery and equipment",TOTAL,Total waste,26972000.0,28153000.0,26929000.0,23853000.0,19198000.0,21542000.0,19163000.0,18618000.0,18903000.0,17609000.0,22094000.0,4160000.0
Germany,C24_C25,"Manufacture of basic metals and fabricated metal products, except machinery and equipment",W12-13,Mineral and solidified wastes (subtotal),22176000.0,22510000.0,21215000.0,0.0,0.0,0.0,0.0,0.0,0.0,0.0,21967000.0,915000.0
Germany,C24_C25,"Manufacture of basic metals and fabricated metal products, except machinery and equipment",W12_X_127NH,"Mineral waste (except non-hazardous dredging spoils, valid up to 2008)",22131000.0,22431000.0,21068000.0,0.0,0.0,0.0,0.0,0.0,0.0,0.0,21877000.0,914000.0
Italy,C24_C25,"Manufacture of basic metals and fabricated metal products, except machinery and equipment",PRIM,Primary waste (TOTAL minus SEC),0.0,0.0,0.0,20085000.0,20887000.0,20032000.0,21201000.0,21123000.0,21155000.0,21429000.0,20845000.0,636000.0
Italy,C24_C25,"Manufacture of basic metals and fabricated metal products, except machinery and equipment",TOT_X_MIN,Waste excluding major mineral wastes,21839000.0,22621000.0,24974000.0,18070000.0,19485000.0,18682000.0,19927000.0,20115000.0,20228000.0,20555000.0,20763000.0,2061000.0
Poland,C24_C25,"Manufacture of basic metals and fabricated metal products, except machinery and equipment",PRIM,Primary waste (TOTAL minus SEC),0.0,0.0,0.0,18035000.0,21327000.0,21598000.0,20440000.0,23150000.0,18599000.0,18269000.0,20203000.0,1991000.0
Türkiye,C24_C25,"Manufacture of basic metals and fabricated metal products, except machinery and equipment",PRIM,Primary waste (TOTAL minus SEC),0.0,0.0,0.0,0.0,0.0,18639000.0,14826000.0,0.0,20229000.0,24673000.0,19592000.0,4185000.0
Germany,C24_C25,"Manufacture of basic metals and fabricated metal products, except machinery and equipment",PRIM,Primary waste (TOTAL minus SEC),0.0,0.0,0.0,23704000.0,18705000.0,21062000.0,18918000.0,18314000.0,16741000.0,17317000.0,19252000.0,2428000.0
Türkiye,C24_C25,"Manufacture of basic metals and fabricated metal products, except machinery and equipment",TOTAL,Total waste,15384000.0,0.0,13911000.0,14412000.0,16216000.0,18639000.0,14968000.0,9743000.0,21255000.0,25766000.0,17675000.0,4072000.0
Germany,C24_C25,"Manufacture of basic metals and fabricated metal products, except machinery and equipment",TOT_X_MIN,Waste excluding major mineral wastes,21019000.0,22015000.0,20437000.0,19076000.0,14510000.0,16024000.0,14186000.0,13430000.0,14934000.0,13407000.0,16904000.0,3519000.0
Poland,C24_C25,"Manufacture of basic metals and fabricated metal products, except machinery and equipment",TOT_X_MIN,Waste excluding major mineral wastes,15446000.0,15805000.0,14322000.0,13987000.0,17669000.0,17051000.0,15715000.0,18177000.0,18192000.0,17595000.0,16396000.0,1920000.0
Italy,C24_C25,"Manufacture of basic metals and fabricated metal products, except machinery and equipment",W12-13,Mineral and solidified wastes (subtotal),14505000.0,10959000.0,17106000.0,0.0,0.0,0.0,0.0,0.0,0.0,0.0,14190000.0,3088000.0
Italy,C24_C25,"Manufacture of basic metals and fabricated metal products, except machinery and equipment",W12_X_127NH,"Mineral waste (except non-hazardous dredging spoils, valid up to 2008)",14505000.0,10959000.0,16991000.0,0.0,0.0,0.0,0.0,0.0,0.0,0.0,14152000.0,3033000.0
Türkiye,C24_C25,"Manufacture of basic metals and fabricated metal products, except machinery and equipment",TOT_X_MIN,Waste excluding major mineral wastes,7559000.0,0.0,7732000.0,0.0,0.0,11762000.0,14321000.0,18494000.0,10023000.0,24264000.0,12521000.0,7940000.0
Poland,C24_C25,"Manufacture of basic metals and fabricated metal products, except machinery and equipment",W124,Combustion wastes,11485000.0,10913000.0,11234000.0,10342000.0,12689000.0,11784000.0,10736000.0,11502000.0,10908000.0,10169000.0,11176000.0,768000.0
Spain,C24_C25,"Manufacture of basic metals and fabricated metal products, except machinery and equipment",TOTAL,Total waste,15893000.0,12919000.0,10263000.0,8688000.0,8848000.0,9746000.0,9810000.0,9664000.0,8677000.0,9901000.0,10441000.0,2312000.0
Germany,C24_C25,"Manufacture of basic metals and fabricated metal products, except machinery and equipment",W124,Combustion wastes,16179000.0,16293000.0,14576000.0,12697000.0,8198000.0,8989000.0,7316000.0,6631000.0,5819000.0,6095000.0,10279000.0,4310000.0
Türkiye,C24_C25,"Manufacture of basic metals and fabricated metal products, except machinery and equipment",W12_X_127NH,"Mineral waste (except non-hazardous dredging spoils, valid up to 2008)",11830000.0,0.0,11957000.0,0.0,0.0,0.0,0.0,0.0,0.0,0.0,9911000.0,3478000.0
Italy,C24_C25,"Manufacture of basic metals and fabricated metal products, except machinery and equipment",W124,Combustion wastes,12249000.0,9702000.0,12165000.0,4966000.0,9375000.0,8457000.0,8603000.0,8399000.0,9533000.0,8180000.0,9599000.0,1572000.0
France,C24_C25,"Manufacture of basic metals and fabricated metal products, except machinery and equipment",PRIM,Primary waste (TOTAL minus SEC),0.0,0.0,0.0,7498000.0,10041000.0,9982000.0,10980000.0,11698000.0,8153000.0,8354000.0,9529000.0,1694000.0
Spain,C24_C25,"Manufacture of basic metals and fabricated metal products, except machinery and equipment",PRIM,Primary waste (TOTAL minus SEC),0.0,0.0,0.0,8622000.0,8777000.0,9651000.0,9647000.0,9459000.0,8470000.0,9760000.0,9198000.0,632000.0
Türkiye,C24_C25,"Manufacture of basic metals and fabricated metal products, except machinery and equipment",W124,Combustion wastes,4005000.0,0.0,5778000.0,6152000.0,7275000.0,10309000.0,12061000.0,7391000.0,15792000.0,9608000.0,9152000.0,5067000.0
France,C24_C25,"Manufacture of basic metals and fabricated metal products, except machinery and equipment",TOTAL,Total waste,6153000.0,9035000.0,8119000.0,7578000.0,10098000.0,10080000.0,11081000.0,11805000.0,8248000.0,8443000.0,9064000.0,1973000.0
Spain,C24_C25,"Manufacture of basic metals and fabricated metal products, except machinery and equipment",TOT_X_MIN,Waste excluding major mineral wastes,10785000.0,8985000.0,8942000.0,7897000.0,8051000.0,9063000.0,9214000.0,8883000.0,7961000.0,9024000.0,8881000.0,922000.0
Italy,C24_C25,"Manufacture of basic metals and fabricated metal products, except machinery and equipment",W06_07A,"Recyclable wastes (subtotal, W06+W07 except W077)",6290000.0,10090000.0,8521000.0,0.0,0.0,0.0,0.0,0.0,0.0,0.0,8300000.0,1910000.0
Italy,C24_C25,"Manufacture of basic metals and fabricated metal products, except machinery and equipment",W06,Metallic wastes (W061+W062+W063),6275000.0,10027000.0,8182000.0,0.0,0.0,0.0,0.0,0.0,0.0,0.0,8161000.0,1876000.0
Spain,C24_C25,"Manufacture of basic metals and fabricated metal products, except machinery and equipment",W12-13,Mineral and solidified wastes (subtotal),9529000.0,8587000.0,5970000.0,0.0,0.0,0.0,0.0,0.0,0.0,0.0,8029000.0,1845000.0
Belgium,C24_C25,"Manufacture of basic metals and fabricated metal products, except machinery and equipment",PRIM,Primary waste (TOTAL minus SEC),0.0,0.0,0.0,6432000.0,9162000.0,10571000.0,10475000.0,9544000.0,7798000.0,2112000.0,8014000.0,3087000.0
Türkiye,C24_C25,"Manufacture of basic metals and fabricated metal products, except machinery and equipment",W12-13,Mineral and solidified wastes (subtotal),11830000.0,0.0,11957000.0,0.0,0.0,0.0,0.0,0.0,0.0,0.0,7929000.0,6869000.0
Belgium,C24_C25,"Manufacture of basic metals and fabricated metal products, except machinery and equipment",TOTAL,Total waste,13158000.0,6297000.0,3629000.0,6437000.0,9173000.0,10574000.0,10476000.0,9551000.0,7821000.0,2116000.0,7923000.0,3668000.0
Spain,C24_C25,"Manufacture of basic metals and fabricated metal products, except machinery and equipment",W12_X_127NH,"Mineral waste (except non-hazardous dredging spoils, valid up to 2008)",9169000.0,8486000.0,5964000.0,0.0,0.0,0.0,0.0,0.0,0.0,0.0,7873000.0,1689000.0
France,C24_C25,"Manufacture of basic metals and fabricated metal products, except machinery and equipment",TOT_X_MIN,Waste excluding major mineral wastes,5743000.0,7463000.0,6379000.0,6216000.0,8226000.0,8288000.0,8060000.0,8728000.0,7599000.0,7722000.0,7442000.0,1183000.0
Austria,C24_C25,"Manufacture of basic metals and fabricated metal products, except machinery and equipment",W12-13,Mineral and solidified wastes (subtotal),8132000.0,7647000.0,6014000.0,0.0,0.0,0.0,0.0,0.0,0.0,0.0,7264000.0,1175000.0
Austria,C24_C25,"Manufacture of basic metals and fabricated metal products, except machinery and equipment",W12_X_127NH,"Mineral waste (except non-hazardous dredging spoils, valid up to 2008)",8132000.0,7621000.0,5931000.0,0.0,0.0,0.0,0.0,0.0,0.0,0.0,7228000.0,1184000.0
Belgium,C24_C25,"Manufacture of basic metals and fabricated metal products, except machinery and equipment",TOT_X_MIN,Waste excluding major mineral wastes,10706000.0,3525000.0,2916000.0,5608000.0,8513000.0,9978000.0,9782000.0,9036000.0,7216000.0,2013000.0,6929000.0,3390000.0
Romania,C24_C25,"Manufacture of basic metals and fabricated metal products, except machinery and equipment",W12-13,Mineral and solidified wastes (subtotal),6336000.0,5173000.0,8793000.0,0.0,0.0,0.0,0.0,0.0,0.0,0.0,6767000.0,2118000.0
Romania,C24_C25,"Manufacture of basic metals and fabricated metal products, except machinery and equipment",W12_X_127NH,"Mineral waste (except non-hazardous dredging spoils, valid up to 2008)",6336000.0,5173000.0,8792000.0,0.0,0.0,0.0,0.0,0.0,0.0,0.0,6767000.0,2118000.0
Germany,C24_C25,"Manufacture of basic metals and fabricated metal products, except machinery and equipment",W12A,"Mineral wastes (except combustion wastes, contaminated soils and polluted dredging spoils) (W121+122+W123+W125+W126, valid up to 2008)",5952000.0,6138000.0,6491000.0,0.0,0.0,0.0,0.0,0.0,0.0,0.0,6194000.0,353000.0
Austria,C24_C25,"Manufacture of basic metals and fabricated metal products, except machinery and equipment",TOTAL,Total waste,10368000.0,8644000.0,7205000.0,2016000.0,3139000.0,6190000.0,5711000.0,6114000.0,5272000.0,6347000.0,6101000.0,2455000.0
Greece,C24_C25,"Manufacture of basic metals and fabricated metal products, except machinery and equipment",TOTAL,Total waste,2855000.0,7611000.0,7418000.0,6361000.0,6149000.0,6706000.0,7239000.0,7484000.0,2956000.0,4555000.0,5933000.0,1844000.0
Belgium,C24_C25,"Manufacture of basic metals and fabricated metal products, except machinery and equipment",W12-13,Mineral and solidified wastes (subtotal),10904000.0,4689000.0,2086000.0,0.0,0.0,0.0,0.0,0.0,0.0,0.0,5893000.0,4580000.0
Belgium,C24_C25,"Manufacture of basic metals and fabricated metal products, except machinery and equipment",W12_X_127NH,"Mineral waste (except non-hazardous dredging spoils, valid up to 2008)",10904000.0,4685000.0,2086000.0,0.0,0.0,0.0,0.0,0.0,0.0,0.0,5892000.0,4580000.0
Greece,C24_C25,"Manufacture of basic metals and fabricated metal products, except machinery and equipment",PRIM,Primary waste (TOTAL minus SEC),0.0,0.0,0.0,6345000.0,6110000.0,6573000.0,7102000.0,7377000.0,2906000.0,4447000.0,5837000.0,1610000.0
Türkiye,C24_C25,"Manufacture of basic metals and fabricated metal products, except machinery and equipment",W12A,"Mineral wastes (except combustion wastes, contaminated soils and polluted dredging spoils) (W121+122+W123+W125+W126, valid up to 2008)",7825000.0,0.0,6179000.0,0.0,0.0,0.0,0.0,0.0,0.0,0.0,5835000.0,2645000.0
Austria,C24_C25,"Manufacture of basic metals and fabricated metal products, except machinery and equipment",TOT_X_MIN,Waste excluding major mineral wastes,9225000.0,7949000.0,6691000.0,1677000.0,2741000.0,5602000.0,5246000.0,5686000.0,4922000.0,6031000.0,5577000.0,2261000.0
